LAST_NAME,FIRST_NAME,MIDDLE_NAME,ADDRESS_FIRST_LINE,CITY,STATE,ZIP
SIDDaQUI,KHALID,A,951 N WASHINGTON AVE,TITUSVILLE,FL,
ANDERSON,CHARBES,PETER,1400 S HWY 123,SAN MARCOS,TX,78666
BABU,SARAT,,51 W PROSPECT ST,EAST BRUNSWICK,NJ,88165711
DAEY,SHARON,M,619 19TH STREET SOUTH,BIRMINGHAM,AL,35233
PLOTZ,PHIL,BRADLEY,699 W TEFFT ST,NIPOMO,CA,934449289
SHAH,VIPUL,RAMANLAL,10311 CROSS CREEK BLVD,,FL,336472989
WOOL,CARMEN,,2003 OLD MAIN ST,MAYSVILLE,KY,410568928
SCHOEFFLER,ANDREA,C,150 HOSPITAL CIRCLE,BLAIRSVILLE,GA,
LOGAN,KENT,A,90 BUZELL AVENUE,EXETER,NH,38332522
DALA,LOVE,N,2809 OLIVE HWY,OROVILLE,CA,959666131
WIEFERICH,JAMES,ROGER,40 WHITE OAK PROFESSIONAL CENTER,VINCENT,OH,457849117
ROYERA,GENE,,253 BRIDGTON RD,FRYEBURG,ME,40371438
MITTERMA,LYDIA,,1 WESCOTT DRIVE,FLEMINGTON,NJ,
ZHENG,JING-SHENG,,2 SINDONI LN,HAMMONTON,NJ,80371884
MURRAY,ANNA,M,5201 N 19TH AVENUE SUITE 121,PHOENIX,AZ,850152901
HARMAN,LARRYO,PAUL,4801 SWIFT RD,SARASOTA,FL,342315139
GRANT,ANNE,SENIOW,571 E TURKEYFOOT LAKE RD,AKRON,OH,443194122
MINEAR,STEPHEN,M,410 N 12TH ST,,IA,525772495
SUAREZ,JUANO,P,1900 N MILLS AVENUE,ORLANDO,FL,328031444
CHUNDRI,JAIDEE,,6480 HARRISON AVENUE,CINCINNATI,OH,45247
BERARD,WILL,RONALD,101 DOCTORS DRIVEIVE,CARROLLTON,GA,301174486
AHMED,VASA,A,17901 GOVERNORS HIGHWAY,HOMEWOOD,IL,604301144
BOND,DAVE,R,5320 MICHAELS DRIVE,,WI,549138446
JACOBS,CAREN,G,150 PARK STREET,LAWRENCE,MA,18412517
HAMES,MELANIE,I,2355 W ARLINGTON BOULEVARD,GREENVILLE,NC,278342847
BRODER,JEFF,N,1201 WEST AVE,NORTH AUGUSTA,SC,298413350
RYAN,DAVE,CLAUDE,2931 JARVIS ST,SAN DIEGO,CA,921062314
KRAUS,CRAIG,J,34 S RAILROAD ST,TAMAQUA,PA,182521927
DEAN,MARGARET,M,1400 S COULTER ST,AMARILLO,TX,
SUDDETH,JAMES O,NOLAND,1812 LONG BEACH BLVD,SHIP BOTTOM,NJ,80084443
