NPI,SPECIALTY,LAST_NAME,FIRST_NAME,MIDDLE_NAME,ADDRESS_FIRST_LINE,ADDRESS_SECOND_LINE,CITY,STATE,ZIP
1003001363,OPH,STEVENS,CHARLES,,1665 S IMPERIAL AVE STE D,,EL CENTRO,CA,922434247
1003006115,RHM,DURHAM,BENJAMIN,,2300 MANCHESTER EXPY # A,SUITE 101-A,COLUMBUS,GA,319046802
1003014986,OPM,YUZEFOVICH,MICHAEL,,8302 OLD COURTHOUSE RD STE A,,VIENNA,VA,221823873
1003017971,RHM,TWEET,MATTHEW,LEE,2725 CAPITOL AVE,SUITE 302,SACRAMENTO,CA,958166004
1003029034,OPRS,BOWEN,JOSEPH,MARSHALL,1296 E POLSTON AVE,SUITE B,POST FALLS,ID,838545217
1003054552,OPH,SAROS,CATHLEEN,MARY,535 HIGH MOUNTAIN RD,,NORTH HALEDON,NJ,75082665
1003070558,OPM,URAZOV,PETER,,100 HOSPITAL RD,SUITE 203,EAST PATCHOGUE,NY,117728809
1003071010,OPRS,RADCLIFF,KRISTEN,E,925 CHESTNUT ST,5TH FLOOR,PHILADELPHIA,PA,191074216
1003079922,RHM,BERARDINELLI,GINA,LYNN,5915 LANDERBROOK DR,SUITE 120,MAYFIELD HEIGHTS,OH,441244039
1003084237,OPH,MATHEWS-VITELLO,BRENDA,KAY,116 DEFENSE HWY,SUITE 400,ANNAPOLIS,MD,214017027
1003084849,OPRS,ZANAROS,GEORGE,S,1367 WASHINGTON AVE,SUITE 200,ALBANY,NY,122061069
1003090275,RHM,ZASLAVSKY,ALEXANDR,,630 MANTUA PIKE,,WOODBURY,NJ,80963233
1003117698,OPH,SANCHEZ,ADOLFO,VIVIAN,703 CHRISTOPHER ROAD,,BELEN,NM,870022617
1003181132,OPRS,OETJEN,LISA,JOI,5347 BENTON RD,,PADUCAH,KY,420030912
1003194044,OPRS,ROBERTSON,TASMA,GRAHAM,1440 UNION SPRINGS RD,,WHITEVILLE,TN,380757526
1003195009,OPRS,WILLIAMS,MATTHEW,A,909 SW MULVANE ST,,TOPEKA,KS,666061677
1003808783,RHM,YEZERSKI,JOHN,A,300 S 8TH ST,SUITE 178W,MURRAY,KY,420712444
1003809336,OPH,CARROLL,ALAN,LEE,310 S SETON AVE,,EMMITSBURG,MD,217279227
1003810797,OPRS,HILAND,STEVE,,627 W FAIRVIEW AVE,,EDDYVILLE,KY,420387386
1003810995,RHM,SHELTON,MICHAEL,VISE,4222 WENDOVER AVE,STE 600,ODESSA,TX,797625983
1003811019,OPRS,OBIEDZINSKI,PHILIP,JOSEPH,50 ORIENT WAY,,RUTHERFORD,NJ,70702036
1003815226,OPM,SPLANE,BRUCE,LEE,3902 E 51ST ST,,TULSA,OK,741353606
1003815622,OPM,MOONEY,STEPHEN,M,2101 NICHOLASVILLE RD,,LEXINGTON,KY,405032518
1003820143,OPRS,CURCIO,JOAN,M.,7901 BROADWAY,C6-10,ELMHURST,NY,113731329
1003823550,OPRS,RIDDLE,JOHN,M,869 W LACEY BLVD,,HANFORD,CA,932304328
1003824442,OPRS,LOOMER,JEFFREY,BRIAN,1925 W ORANGE GROVE RD,STE 106,TUCSON,AZ,85704
1003831397,OPRS,ANDERSON,SHAWN,C,2024 15TH ST FL 2,,MERIDIAN,MS,393014130
1003831959,OPH,DEMURI,BERNADETTE,,2600 N MAYFAIR RD,SUITE #305,WAUWATOSA,WI,532261309
1003834581,OPRS,CROCETTI,JOSEPH,GUERERRI,1235 OLD YORK RD,STE 121,ABINGTON,PA,190013840
1003841214,OPM,BRAYFIELD,SAMUEL,,5816 OSAGE BEACH PKWY,SUITE 108,OSAGE BEACH,MO,650653046
1003841594,OPH,PITTS,LESLIE,THOMAS,590 COURT ST,,KEENE,NH,34311719
1003841784,OPRS,JENSEN,KENNETH,F.,1777 W GRAND AVE,,PORT WASHINGTON,WI,530742077
1003842675,OPRS,YUSUF,FRANK,M.,1601 W AVENUE J,,LANCASTER,CA,935342824
1003849035,RHM,EL ZIND,NABILA,HASSAN,4411 W GORE BLVD,SUITE B4,LAWTON,OK,735055977
1003850660,RHM,SPEACH,DAVID,P,601 ELMWOOD AVE,BOX 665,ROCHESTER,NY,146420001
1003852856,OPRS,KHOULANI,MOHAMAD,MONIR,5080 VILLA LINDE PKWY,UNIT 4,FLINT,MI,485323411
1003852880,OPRS,WILLIAMS,HEATHER,CELIA,8450 NORTHWEST BLVD,,INDIANAPOLIS,IN,462781381
1003853011,OPM,BROWN,BEIL,CORY,1150 N 18TH ST,SUITE 300,ABILENE,TX,796012948
1003853219,OPM,FREYLIKH,MIKHAIL,,12033 BUSTLETON AVE,,PHILADELPHIA,PA,191162107
1003854746,RHM,CARDIN,JOAN,P.,912 W MAIN ST,,HOMER,LA,710403328
1003856659,OPH,MCKINLEY,BRIAN,TODD,315 75TH ST W,,BRADENTON,FL,342093201
1003857996,OPM,FULEIHAN,SAMIR,F,3990 JOHN R ST,,DETROIT,MI,482012018
1003858762,OPRS,GOODALE,MIRANDA,ANNE,1214 E NATIONAL AVE,SUITE 130,BRAZIL,IN,478342700
1003864042,RHM,EMELIANCHIK,ANTHONY,J,2051 PREVATT ST,SUITE B,EUSTIS,FL,327266141
1003865064,RHM,LANGE,DOUGLAS,,2405 SHADELANDS DR,,WALNUT CREEK,CA,945982444
1003866641,OPM,BATTIN,JOHN,A,1000 J D ANDERSON DR,SUITE 401,MORGANTOWN,WV,265051241
1003866997,OPRS,SCHOR,JOEL,ANTHONY,1027 FREDERICK ST,,BLUEFIELD,WV,247013942
1003870585,RHM,KRUSZEWSKI,DAVID,M,3125 FRENCH ST,,ERIE,PA,165041068
1003870775,OPM,RAZAK,MOHAMED,F,35894 HIGHWAY 27,,HAINES CITY,FL,338443735
1003871468,OPH,REINHARD,DAVID,,1390 S POTOMAC ST,STE 100,AURORA,CO,800126165
1003874967,OPH,KIPP,RICHARD,J.,3520 SINGING HILLS BLVD,,SIOUX CITY,IA,511065110
1003875337,OPRS,TOWBIN,MICHAEL,A,12333 NE 130TH LN,SUITE 420,KIRKLAND,WA,980347467
1003876053,OPRS,ROGERS,MICHAEL,JOSEPH,727 US 27 SOUTH,,SEBRING,FL,33870
1003876533,RHM,TRUSOCK,BRUCE,J,600 MACINNES DR.,,HOUGHTON,MI,499301569
1003878026,RHM,PERRY,PETER,,1409 KINGSLEY AVE,SUITE 6A,ORANGE PARK,FL,320734537
1003882432,OPM,RESTA,LEE,,1870 AMHERST ST,SUITE F,WINCHESTER,VA,226012873
1003884461,OPRS,BOVE,PETER,,1295 ORANGE AVE,,WINTER PARK,FL,32789
1003884925,OPM,COLMAN,GREGORY,J,2001 SANTA MONICA BLVD,990W,SANTA MONICA,CA,904042103
1003892068,OPM,ZAMORA,JAVIER,RENEE,893 N I H 35,STE. 110,ROUND ROCK,TX,786644309
1003895160,OPH,MITCHELL,JACEY,LAINE,1608 STOCKTON HILL ROAD #101,,KINGMAN,AZ,864014142
1003895418,RHM,BENECKI,THERESA,RENEE,1608 HIGHWAY 88,SUITE 208,BRICK,NJ,87243009
1003897794,RHM,DEPENBUSCH,MICHAEL,,604 W WARNER RD,SUITE B-6,CHANDLER,AZ,852252906
1003898685,RHM,DAVIS,JAMES,D,9351 GRANT ST,SUITE 490,THORNTON,CO,802294358
1003899808,OPH,FLAIS,MICHAEL,J,10733 W. 165TH ST.,,ORLAND PARK,IL,604678713
1003900390,OPM,NAAS,JOSEPH,E,5900 NORTH BURDICK STREET,STE 104,E SYRACUSE,NY,13057
1003901117,OPM,CLAY,SCOTT,C,3222 SHRINE RD STE A,,BRUNSWICK,GA,315204357
1003906181,RHM,NALLY,JOSEPH,V,9500 EUCLID AVE,,CLEVELAND,OH,441950001
1003909458,OPH,PACHECO,THERESA,,12605 E 16TH AVE,,AURORA,CO,800452545
1003915885,OPH,MINCHEW,JOE,T,101 MANNING DR,,CHAPEL HILL,NC,275990001
1003918558,RHM,ROBERSON,JAMES,CURTIS,8926 WOODYARD RD,SUITE #601,CLINTON,MD,207354220
1003918855,RHM,SMITH,MICHAEL,SCOTT,113 E WILLIAMS ST,,OWOSSO,MI,488672360
1003930215,OPM,COTANT,MATTHEW,BURNS,3577 W 13 MILE RD,SUITE 404,ROYAL OAK,MI,480736710
1003946328,OPH,DENNIS,ANTHONY,D,11635 COLDWATER RD,,FORT WAYNE,IN,468451256
1003951112,RHM,GRIBBIN,DOROTA,MALYSZEK,2333 WHITEHORSE MERCERVILLE RD,SUITE 8,MERCERVILLE,NJ,86191946
1003957903,OPRS,ALVAREZ,JORGE,L,1 EDMUNDSON PL,SUITE 312,COUNCIL BLUFFS,IA,515034658
1003971813,RHM,KRUPITSKY,VICTOR,,2467 OCEAN AVE,,BROOKLYN,NY,11229
1003974882,OPM,RAPHAEL,RAFIK,M.,9280 HIGHWAY 5,SUITE G,DOUGLASVILLE,GA,301341501
1003978354,OPM,FLINT,ELIZABETH,MARIE,1704 S FOREST AVE,,LUVERNE,AL,360497306
1003981994,OPRS,BOZELKA,BRIAN,E,1400 UNIVERSITY DRIVE,,MARINETTE,WI,541430046
1003986720,OPH,WRIGHT,LAUREL,E,1600 N GRAND AVE,SUITE 400,PUEBLO,CO,810032700
1003990730,OPH,VANTUINEN,A,ROBERT,1900 WEALTHY ST SE,SUITE 200,GRAND RAPIDS,MI,495062969
1003993734,OPH,KALE,PETER,,1818 E. WINDSOR ROAD,ADULT MEDICINE/GERIATRICS,URBANA,IL,61802
1003993817,RHM,HASSANYEH,AKRAM,MAHMOUD,1058 BERMUDA RUN,,STATESBORO,GA,304580858
1003998147,OPRS,GUADIZ,RAMON,ARENAS,3625 MARTIN LUTHER KING JR BLVD,SUITE 2,LYNWOOD,CA,902623509
1003998642,OPRS,MICHAELS,ANTHONY,J,410 W 10TH AVE,,COLUMBUS,OH,432101240
1013003037,OPH,DAY,EUGENE,DAVIS,104 NEW COLLEGE ST,,OXFORD,NC,275652929
1013007418,OPRS,ANAPOLLE,DAVID,M,547 NEW RD,,SOMERS POINT,NJ,82442038
1013012491,OPM,STANGL,JOSEPH,A.,3802 RAYNOR PKWY,,BELLEVUE,NE,681236048
1013019025,OPH,MENAQUALE,MARK,RICHARD,310 JACKSON RD,,ATCO,NJ,80041604
1013021534,RHM,GUNTER,KAREN,ANN,7401 S. MAIN,,HOUSTON,TX,770304509
1013031004,RHM,VISIONI,AGOSTINO,J,2002 MEDICAL PARKWAY,SUITE 430,ANNAPOLIS,MD,214013263
1013032713,OPM,ESTRADA,DEXTER,T,1791 E FIR AVE,,FRESNO,CA,937203840
1013042530,OPH,RAMSEY,ANTHONY,EUGENE,691 MURPHY ROAD,SUITE #202,MEDFORD,OR,97504
1013055813,OPRS,SANTILLAN-GOMEZ,ANTONIO,,4411 MEDICAL DR,STE. 100,SAN ANTONIO,TX,782293822
1013069939,OPRS,NICHOLS,ROBERT,KENNETH,120 E MAIN ST,,PRATTVILLE,AL,360673114
1013071612,OPM,LEISAWITZ,ELLIOTT,G,1020 GRINGS HILL RD,,READING,PA,196088844
1013072404,OPH,FETELL,JILL,,26 FIREMANS MEMORIAL DR,SUITE 115,POMONA,NY,109703553
1013077395,RHM,MEHTA,ARIZ,RUYINTAN,191 PALISADE AVE,,JERSEY CITY,NJ,73061112
1013093582,OPRS,WASSERMAN,DANA,,9327 N 3RD ST,SUITE 100,PHOENIX,AZ,850202471
1013094978,OPH,CHILDRESS,THOMAS,WAYNE,3 AUDUBON PLAZA DR,SUITE 320,LOUISVILLE,KY,402171319
1013099746,OPH,TAN,KWAN,TOH,7872 WALKER ST,,LA PALMA,CA,906231796
1013130996,OPH,INGLES,JEANNE,L,21 CENTRAL AVE,,GALLIPOLIS,OH,456311803
1013132323,OPM,FOREMAN,ADAM,NEIL,1709 DRYDEN RD,BAYLOR COLLEGE OF MEDICINE - DEPT OF PULM/CC/SLEEP,HOUSTON,TX,77030
1013141209,OPM,SMITH,JASON,TODD,1117 MCLAIN ST,SUITE 500,NEWPORT,AR,721123500
1013144419,RHM,THOMSON,ERIC,M,115 PARK STREET SE,SUITE 300,VIENNA,VA,22180
1013156108,OPRS,VELAZQUEZ,ELIZABETH,N,7766 EWING BLVD,SUITE L,FLORENCE,KY,410427537
1013163641,OPRS,DORMAN,CHRISTINE,ANNE,1 KINGS HWY,,HAUPPAUGE,NY,117884216
1013172683,RHM,HOPKINS,LAUREN,CATHLEEN,3500 NW 56TH ST STE 100,,OKLAHOMA CITY,OK,731124517
1013174523,OPH,SOHAGIA,KINJAL,,732 THIMBLE SHOALS BLVD,SUITE 801-A,NEWPORT NEWS,VA,236064218
1013178128,OPRS,WALL,CHARLES,EARL,1100 N COLLEGE AVE,,FAYETTEVILLE,AR,727031944
1013180108,OPH,SPECA,JOELLEN,C,4420 LAKE BOONE TRL,SUITE 200,RALEIGH,NC,276077505
1013183136,OPRS,REGAN,KARA,ANNE,4921 PARKVIEW PL,STE 10B,SAINT LOUIS,MO,631101032
1013185230,OPRS,MONTALVO,JOSE,ALBERTO,AVE AMERICO MIRANDA ESQ CENTRO MEDICO,CENTRO CARDIOVASCULAR DE PR Y DEL CAR 3RD FLOOR,SAN JUAN,PR,936
1013187764,OPRS,LAUB,DAVID,A,591 REDWOOD HWY,SUITE 2210,MILL VALLEY,CA,949416001
1013198035,OPRS,NIKAM,SMITA,S.,1000 E MOUNTAIN BLVD,,WILKES BARRE,PA,187110027
1013224724,OPH,HILL,ALICIA ANN,,3181 SW SAM JACKSON PARK RD,,PORTLAND,OR,972393011
1013232297,RHM,GONSAHN-BOLLIE,SYLVIA,MENTEER,2150 PENNSYLVANIA AVE NW,,WASHINGTON,DC,200373201
1013265487,OPRS,BISHOP,HEIDI,FORTE,1041 NOELL LN,SUITE 105,ROCKY MOUNT,NC,278042058
1013266873,OPRS,REINER,MARY,,572 S BARTLETT RD,,STREAMWOOD,IL,601071362
1013280890,OPH,PATEL,RAVI,DILIP,100 W SPROUL RD,SUITE 100,SPRINGFIELD,PA,190642033
1013352343,RHM,GOMEZ DE TAVAREZ,BRUNEL,TERESA,1107 EARL FRYE BLVD,SUITE 6,AMORY,MS,388215519
1013901644,RHM,FRANKLE,DAVID,MICHAEL,8700 BEVERLY BLVD.,,LOS ANGELES,CA,900481865
1013902428,OPM,SCHACHTER,RICHARD,STEVEN,28 THROCKMORTON LN,,OLD BRIDGE,NJ,88572558
1013903152,OPH,DESILLIER,PAUL,S,300 MOUNT AUBURN ST,SUITE 505,CAMBRIDGE,MA,21385600
1013903327,OPM,SUMBUL-YUKSEL,BAHAR,,80 GIROUX ST,SUITE 101,RENO,NV,895021280
1013904416,OPM,FERRANTE,CHRISTOPHER,RICHARD,2775 SCHOENERSVILLE RD,,BETHLEHEM,PA,180177307
1013908128,OPH,CHRISTA,MICHAEL,W,4250 BROWNSVILLE RD,,POWDER SPRINGS,GA,301272559
1013911049,OPRS,VERMA,ASHOK,K,900 W 7TH ST,STE 104,HANFORD,CA,932304928
1013911668,RHM,YOUNG,TAMMY,H,1227 N STATE ST,STE 101,JACKSON,MS,392022002
1013912104,OPH,WEIDMAN,COREY,,JACKSON RIVER ORTHOPEDICS,"1 ARH LANE, STE 102",LOW MOOR,VA,24457
1013912351,OPRS,WHITNEY,TIMOTHY,M,3001 SQUALICUM PKWY,STE 5,BELLINGHAM,WA,982251950
1013912716,OPM,HEINE,RONALD,W,117 MEDICAL CIRCLE,,ATHENS,TX,75751
1013912849,OPH,WORSHAM,LETICIA,S,13020 N TELECOM PKWY,,TEMPLE TERRACE,FL,336370925
1013913391,OPRS,DOMAN,MARK,R,260 HIGHWAY 11 E,,BULLS GAP,TN,377113416
1013913581,OPH,PHI,ANTHONY,HOANG,13119 VETERANS MEMORIAL DR,,HOUSTON,TX,770141903
1013916089,RHM,IWANETZ,BOHDAN,ASKOLD,713 E 142ND ST,,DOLTON,IL,604191062
1013916865,RHM,CHAMBERLAIN,MORROW,,725 GLENWOOD DR,SUITE E588,CHATTANOOGA,TN,374041163
1013917889,OPH,CORBETT,AUSTIN,JOSEPH,1715 N WEBER ST,SUITE 208,COLORADO SPRINGS,CO,809077532
1013918978,OPM,TAVELLI,BERT,G,1130 NW 22ND AVE,STE 330,PORTLAND,OR,972102900
1013919398,OPH,BROTHERTON,TIMOTHY,WAYNE,125 EXECUTIVE DR,STE J,DANVILLE,VA,245414155
1013921618,RHM,CORBETT,JAMES,JOHN,2500 N STATE ST,,JACKSON,MS,392164500
1013921667,OPRS,MEYER,NEAL,R,311 N KEENE ST,,COLUMBIA,MO,652016623
1013923952,OPH,NELSON,DAVID,WAYNE,440 GREENFIELD AVE STE D,,HANFORD,CA,932303500
1013924984,OPRS,CATANZARO,ROBERT,J,2830 EAST OAKLAND PARK BOULEVARD,ROBER J CATANZARO MD FACS,FORT LAUDERDALE,FL,33306
1013932854,RHM,LUFKIN,ROBERT,CHARLES,5050 NE HOYT ST STE 256,,PORTLAND,OR,972132982
1013936327,OPM,KROOPNICK,ROBERT,BECK,4000 OLD COURT RD,SUITE 300,PIKESVILLE,MD,212082800
1013941962,OPM,RASKIN,BERNARD,,23861 MCBEAN PKWY,# E-21,VALENCIA,CA,91355
1013945138,OPM,CRAFT,CHARLES,W,20 NORTH ASTER,,GREENWOOD,AR,72936
1013947126,RHM,FETTING,JOHN,H,10753 FALLS RD,,LUTHERVILLE,MD,210934535
1013948348,RHM,SHULL,JON,ANDREW,1708 HIGH ST,,SOUTH BEND,IN,466132633
1013950567,OPM,BOWSER,ANDREW,N,205 W WINDCREST ST,SUITE 350,FREDERICKSBURG,TX,786244479
1013951763,OPRS,CLEMMONS,ANDREW,CHARLES,601 E SAN ANTONIO ST,STE 501,VICTORIA,TX,779016004
1013951953,RHM,HENRY-KELLY,JULIE,L,27427 SCHOENHERR RD,SUITE 200,WARREN,MI,480884729
1013955327,OPM,ROSE,JAMES,J,325 W CENTER ST,,SPANISH FORK,UT,846602060
1013956432,OPRS,JOHNSON,SIGRID,RAE,205 SUMMIT ST,,SWEETWATER,TN,378742534
1013957166,RHM,GARVIN,MICHAEL,ALLEN,1791 SE PORT ST LUCIE BLVD,,PORT ST LUCIE,FL,349525479
1013958008,OPRS,ESTES,DAVID,SCOTT,1 MERCY WAY,,BELLA VISTA,AR,727143000
1013960772,RHM,ACOSTA,JORGE,L,938-B SW 82 AVE,,MIAMI,FL,33144
1013965771,OPM,LEBOFF-RIES,ELAINE,,200 S MICHIGAN AVE,SUITE 805,CHICAGO,IL,606042402
1013968577,OPRS,MCGONIGAL,MICHAEL,P,1000 HIGBEE DR,SUITE 104,BETHEL PARK,PA,151024200
1013969393,OPRS,MIKOLA,MICHAEL,,180 WINGO WAY,STSE 306,MT PLEASANT,SC,294641810
1013971191,OPH,MAHAFFEY,ROBERT,M,7912 E 31ST CT,SUITE 200,TULSA,OK,741451315
1013971944,OPRS,LEE,LINDA,M,2150 NOLL DR,SUITE 200,LANCASTER,PA,176037604
1013974617,OPM,IYER,SRIRAM,S,791 PARK AVE,,NEW YORK,NY,100213513
1013976299,OPRS,SILVER,JOEL,S,43 WOODLAND ST,"SUITE G-80, GOTHIC PARK",HARTFORD,CT,61052363
1013977487,OPRS,FRANKEL,ARTHUR,EDWARD,5323 HARRY HINES BOULEVARD,,DALLAS,TX,753907201
1013979293,RHM,SOLIMAN,NASIER,B,137 HELENA AVE,,YONKERS,NY,107103024
1013980218,OPRS,BECKMAN,THOMAS,J,200 1ST ST SW,,ROCHESTER,MN,559050001
1013983055,RHM,MALETZ,LOUIS,,15611 POMERADO RD,,POWAY,CA,920642437
1013983295,OPH,WAGUESPACK,ROLAND,S,1108 ST JAMES ST,,VACHERIE,LA,70090
1013986462,OPRS,SADRI,KASS,,510 E 86TH ST,,NEW YORK,NY,100287504
1013989078,RHM,CARPENTER,CATHY,P.,80 WYNTRE BROOKE DR,,YORK,PA,174034535
1013990019,OPRS,LUPTON,FREDERICK,ARTHUR,1587 YANCEYVILLE ST,,GREENSBORO,NC,274056933
1013990787,OPH,HAWTHORNE,MARY,R,291 LINCOLN ST,SUITE 203,WORCESTER,MA,16053643
1013992346,OPM,HUNTER,JEFFREY,D,1909 W FRANKLIN ST,,EVANSVILLE,IN,477125110
1013992445,OPH,MCCONNELL,DAVID,H,407 4TH ST,,NEWPORT,TN,378213755
1013992601,OPM,KRISHNAMOORTHY,VIJAY,KUMAR,30 HAGEN DR,SUITE 100,ROCHESTER,NY,146252658
1013992619,OPRS,MOORE,JORDAN,A,121 E SILVER SPRING DR,,WHITEFISH BAY,WI,532174702
1013995026,RHM,TORRES,SHERRON,LOUISE,217 EDWARDS,,MERKEL,TX,795363803
1013998327,OPH,STALLWORTH,LOVIE,A,1217 CUMBERLAND AVE,,MIDDLESBORO,KY,409651160
1013998996,OPH,GULEYUPOGLU,NILUFER,,369 LEXINGTON AVE,SUITE 800,NEW YORK,NY,100176506
1013999044,OPRS,HUSAR,MICHAEL,STEPHEN,1920 SCOTLAND AVE,,CHAMBERSBURG,PA,172011450
1013999259,OPH,MOSKO,MARY,K,9403 KENWOOD RD,SUITE C208,BLUE ASH,OH,452426895
1023000494,OPM,CHEN,JOSEPH,J,200 HAWKINS DR,,IOWA CITY,IA,522421009
1023003290,OPH,CARTWRIGHT,MONT,J,921 N MAIN ST,,KISSIMMEE,FL,347444570
1023007283,RHM,HARRIS,SCOTT,M,ONE TROWBRIDGE ROAD,,BOURNE,MA,2532
1023008422,OPM,BIVIJI,AYAZ,,1310 W STEWART DR,SUITE 510,ORANGE,CA,928683854
1023008570,OPM,CHAGLASSIAN,JOHN,H,1021 MASSACHUSETTS AVE,,ARLINGTON,MA,24764503
1023009453,OPRS,HOOD,BRIAN,S,230 W. OAK ST.,,FREMONT,MI,494121597
1023009479,OPRS,FREY,JAMES,H,4704 CAHABA RIVER RD,SUITE A1,BIRMINGHAM,AL,352432344
1023010683,OPH,ZAVALETA,JESUS,A,204 NOLANA,,MCALLEN,TX,78504
1023013497,OPH,ABUBAKR,YOUSIF,,5742 BOOTH RD,SUITE A,JACKSONVILLE,FL,322075982
1023013893,OPRS,WHITMAN,COURTENAY,SALISBURY,400 JOHNSON RIDGE MEDICAL PARK,,ELKIN,NC,286212447
1023014461,OPM,SIROTT,MATTHEW,NELSON,400 TAYLOR BLVD,STE 202,PLEASANT HILL,CA,945232147
1023019908,RHM,ASTHALTER,JAMES,H,1400 29TH ST S,,GREAT FALLS,MT,594055353
1023021789,RHM,COX,CAROL,,12901 BRUCE B DOWNS BLVD,,TAMPA,FL,336124742
1023022522,OPM,CHANG,AMY,S,31 ROCHE BROS WAY,SUITE 200,NORTH EASTON,MA,23561032
1023025632,OPH,HAZEL,R,MARK,1404 RIVER PL STE 401,,BRASELTON,GA,305175600
1023027596,OPM,BJORLING,VINCENT,GENE,3911 AVENUE B,SUITE 1110,SCOTTSBLUFF,NE,693614617
1023029287,OPH,ACHI,JYOTHI,NAPEENA,22999 HIGHWAY 59 N,SUITE 232,KINGWOOD,TX,773394440
1023033917,OPH,SAAG,KENNETH,G,619 19TH STREET SOUTH,,BIRMINGHAM,AL,35233
1023035094,OPM,CAPTAIN,ANTHONY,G,400 TIMMS RD NE,,CALHOUN,GA,307017016
1023040276,RHM,BURLEIGH,WILLIAM,H,3725 W 4100 SOUTH,,WEST VALLEY CITY,UT,84120
1023045937,OPH,WERTHEIMER,MARC,J,605 WEST STATE ST,,MEDIA,PA,19063
1023046794,OPH,BARNES,KATIE,,200 CREEKSIDE DR,,DICKSON,TN,370552176
1023048865,OPRS,DJOKIC,MIROSLAV,,221 BROADWAY,SUITE 204,AMITYVILLE,NY,117012780
1023048881,OPM,MCINTOSH,"G,",ANDREW,3705 MASSILLON RD,,UNIONTOWN,OH,446857770
1023058757,OPRS,ANDERSON,BRADLEY,TODD,28622 E 141ST ST S,,COWETA,OK,744297515
1023059599,RHM,KAY,RANDY,SCOTT,24748 W WARREN ST,,DEARBORN HEIGHTS,MI,481272109
1023059797,OPM,GREIWE,CATHY,A,4885 OLENTANGY RIVER RD,SUITE 110,COLUMBUS,OH,432141952
1023064524,RHM,DILWORTH,DONALD,DAVID,8715 VILLAGE DR,SUITE 608,SAN ANTONIO,TX,782175405
1023065455,RHM,SCHNEEWEIS,JOHN,R,165 MILL ST,,LEOMINSTER,MA,1453
1023072261,OPM,CUMMING,JEFFREY,C,2002 12TH AVE NW,SUITE B,ARDMORE,OK,734011206
1023073475,OPM,JAMIESON,PETER,E,1 MERCADO ST,SUITE 202,DURANGO,CO,813017306
1023073889,OPRS,BEWLEY,MARK,ANDREW,6160 KEMPSVILLE CIR,SUITE 200B,NORFOLK,VA,235023933
1023075470,OPM,KARDANI,CHAITALEE,VITHAL,335 BILLINGSLEY RD,SUITE 102,CHARLOTTE,NC,282111040
1023077161,RHM,SIDDIQI,RASHID,M,1602 W BAKER RD,STE A,BAYTOWN,TX,775212282
1023077336,OPH,JOHNSTON,STEWART,GREGORY,819 W CARPENTER ST,,BENTON,AR,720153349
1023077732,RHM,PHILLIPS,JOHN,O,589 GARFIELD ST,SUITE 201,TUPELO,MS,388016301
1023085032,RHM,WALKER,JON,W,2202 US HIGHWAY 380,SUITE 112,BRIDGEPORT,TX,764262176
1023088697,RHM,MANUEL,BRAD,P,41 MALL RD,,BURLINGTON,MA,18050001
1023092020,OPM,LIANG,WEN,,2621 W HORIZON RIDGE PKWY,SUITE 150,HENDERSON,NV,890522895
1023093291,RHM,SABONGHY,ERIC,,19770 KINGSLAND BLVD,SUITE 300,HOUSTON,TX,770941031
1023093754,OPM,RUIZ,SAMADHY,,5750 W. THUNDERBIRD AVE,SUITE B- 200,GLENDALE,AZ,853064660
1023095213,OPM,MEVES,ALEXANDER,,200 1ST ST SW,,ROCHESTER,MN,559050001
1023095783,OPRS,WESTMORELAND,SCOTT,,120 E BEAUREGARD AVE,,SAN ANGELO,TX,769035919
1023097177,RHM,UHLIK,ALLEN,STEPHEN,144 MEDICAL CENTER DR,,COPPERHILL,TN,373175000
1023097201,OPRS,PACHECO,THEODORE,RAYMOND,3600 KOLBE RD,SUITE 127,LORAIN,OH,440531654
1023099678,OPRS,VONDERFECHT,SCOTT,L,120 PARK AVE,,HEBRON,NE,683702019
1023103884,OPM,SZAWLEWICZ,STEPHEN,JUSTIN,200 TRENTON ROAD,,BROWNS MILLS,NJ,8015
1023106838,OPM,NOORI,KHALID,A,1600 DEER PARK AVENUE,,DEER PARK,NY,11729
1023109188,OPM,VERA,CARLOS,F,9981 WASHINGTON ST STE 22,,THORNTON,CO,802292165
1023110418,OPH,CLARKE,JOHN,MITCHELL,1615 PASADENA AVE S,SUITE 330,SOUTH PASADENA,FL,337074516
1023112257,RHM,CARVER,SCOTT,Q,1020 CLEVELAND RD,,SARALAND,AL,36571
1023113032,OPRS,DONAHUE,KATRINA,E,101 MANNING DR,,CHAPEL HILL,NC,275990001
1023116142,RHM,MERGY,JAMES,ARTHUR,1601 OWEN DR,,FAYETTEVILLE,NC,283043425
1023116514,OPH,ORTIZ,LEAH,NAPOLITANO,611 E DOUGLAS RD,SUITE 407,MISHAWAKA,IN,465451464
1023116894,OPH,BAILEY,IRENE,ALAM,115 HERREN HILL RD,,TALLASSEE,AL,360781276
1023125127,OPRS,KARAS,TODD,J,4507 N STERLING AVE,#102,PEORIA,IL,616153860
1023126430,OPRS,DEL VALLE DE TOMAS,PEDRO,F,735 AVE PONCE DE LEON,SUITE 715 TORRE AUXILIO MUTUO,SAN JUAN,PR,9175022
1023127537,OPM,GURLAND,MARK,A,216 ENGLE STREET,,ENGLEWOOD,NJ,7631
1023141371,OPM,WEHMAN,JOSEPH,,32 W. GORE ST,5TH FLOOR / MP 159,ORLANDO,FL,328061114
1023143740,OPRS,ROBBINS,MELISSA,A,294 SUMMAR DRIVE,,JACKSON,TN,383013915
1023153152,OPRS,JASPER,KATHRYN,SUSAN,19 MEDICAL LOOP,SUITE 3,WHITLEY CITY,KY,42653
1023173846,OPRS,REN,XIANGPING,,904 7TH AVE,,SEATTLE,WA,981041132
1023174323,OPRS,AKKARA VEETIL,BHARATH MANU,,1200 6TH AVE N,,SAINT CLOUD,MN,563032735
1023184132,RHM,COLOMA,MARA,,6347 PACIFIC BLVD,,HUNTINGTON PARK,CA,902554101
1023184322,OPRS,DHANANI,YURZUL,N,1275 E LATHAM AVE STE C,,HEMET,CA,925434424
1023188398,OPH,DOUBAN,SUMMER,,3-3420 KUHIO HWY,SUITE B,LIHUE,HI,967661042
1023194180,OPRS,PAREEK,KAPIL,,1315 JESSE JEWELL PARKWAY,,GAINESVILLE,GA,305013822
1023195724,OPRS,STANFIELD,JONATHAN,MICHAEL,604 BRANTLEY ST,,OPP,AL,364671742
1023200383,OPRS,MCGAUGH,RONALD,,15004 AVERY RANCH BLVD,SUITE #105,AUSTIN,TX,787174600
1023202140,RHM,NEVETT,STEPHEN,D,401 NE NORTHGATE WAY,SUITE 530,SEATTLE,WA,981256036
1023202355,OPRS,SIDDIQUI,JAFAR,,180 PARK CLUB LN,SUITE 250,WILLIAMSVILLE,NY,142215263
1023205077,OPRS,CHANDRAN,SHAUN,E,4477 W 118TH ST STE 402,,HAWTHORNE,CA,902502259
1023214574,OPRS,KACHOWSKI,LARISA,,1222 WEST 42ND,4010 MULBERRY,PINE BLUFF,AR,71603
1023227063,OPRS,DAVILA,SAMUEL,V.,800 5TH AVE,STE. 300,FORT WORTH,TX,761047300
1023234341,OPRS,MARTINEZ,JESSE,,4438 W JEFFERSON BLVD,,DALLAS,TX,752114623
1023273919,RHM,DIAZ,THOMAS,F,1722 BETHLEHEM PIKE,,FLOURTOWN,PA,190311644
1023296209,OPRS,BANSAL,DHRUV,,1 BARNES JEWISH HOSPITAL PLZ,,SAINT LOUIS,MO,631101003
1023319696,RHM,WHITEHEAD,BRANDI,L,120 E BEAUREGARD AVE,,SAN ANGELO,TX,769035919
1023327483,RHM,ROESCH,ROBBIE,WILLIAM,2405 E. FOURTEEN MILE RD.,,STERLING HEIGHTS,MI,48310
1023334562,OPRS,MANGUM,JOSEPH,,5 WASHINGTON PLACE,SUITE 1B,BEDFORD,NH,3110
1023388683,OPM,CARTER,CANDICE,,14440 F ST,SUITE 121,OMAHA,NE,681371007
1033101712,OPRS,BULLOCK,ALAN,REID,4582 N 1ST AVE,SUITE 170,TUCSON,AZ,857188603
1033105143,OPM,WONG,ALVIN,G,10900 N SCOTTSDALE RD.,SUTIE 603,SCOOTSDALE,AZ,852545216
1033105507,OPM,GEBRAIL,AYMAN,,2032 SOUTH 17TH ST,SUITE 101,WILMINGTON,NC,284016678
1033105739,RHM,JOHN,JOHN,KUNNUTHARA,744 AIRPORT RD,,KINSTON,NC,285048800
1033108238,OPRS,LEBLANC,JENNIFER,HENDERSON,10154 JEFFERSON HWY,,BATON ROUGE,LA,708092725
1033108295,OPH,BEAVER,ROBERT,HOWELL,354 COPPERFIELD BLVD NE,,CONCORD,NC,280252402
1033110309,RHM,TARANOW,WARREN,S,3015 SQUALICUM PKWY,,BELLINGHAM,WA,982251945
1033111331,OPH,HOLMES,JED,D,7111 E 21ST STREET N,SUITE A,WICHITA,KS,67206
1033114566,RHM,BRUTON,RONALD,F,250 DRILLERS RD,,MOUNTAIN HOME,AR,726535186
1033115597,OPM,BURNS,JEFFREY,A,5003 HARDY ST STE 401,,HATTIESBURG,MS,394021331
1033116363,OPM,MILLS,THOMAS,LEE,3106 NW ARLINGTON AVE,,LAWTON,OK,735056123
1992733315,OPRS,SIDDIQUI,KHALID,A,951 N WASHINGTON AVE,,TITUSVILLE,FL,327962163
1992735500,RHM,ANDERSON,CHARLES,PETER,1400 S HWY 123,,SAN MARCOS,TX,78666
1992744767,OPRS,BABU,SARATH,,51 W PROSPECT ST,STE 101,EAST BRUNSWICK,NJ,88165711
1992748131,RHM,DAILEY,SHARON,M,619 19TH STREET SOUTH,,BIRMINGHAM,AL,35233
1992753842,OPRS,PLOTZ,PHILLIP,BRADLEY,699 W TEFFT ST,SUITE A,NIPOMO,CA,934449289
1992754329,OPRS,SHAH,VIPUL,RAMANLAL,10311 CROSS CREEK BLVD,SUITE B,TAMPA,FL,336472989
1992756829,OPH,WOOLUMS,CARMEN,,2003 OLD MAIN ST,,MAYSVILLE,KY,410568928
1992760862,OPH,SCHOEFFLER,ANDRE,C,150 HOSPITAL CIRCLE,,BLAIRSVILLE,GA,30512
1992765200,RHM,LOGAN,KENT,A,9 BUZELL AVE,,EXETER,NH,38332522
1992768360,RHM,DALAL,LOVE,N,2809 OLIVE HWY,SUITE 350,OROVILLE,CA,959666131
1992774772,OPH,WIEFERICH,JAMES,ROGER,40 WHITE OAK PROFESSIONAL CTR,,VINCENT,OH,457849117
1992776017,OPM,ROYER,GENE,,253 BRIDGTON RD,,FRYEBURG,ME,40371438
1992777429,OPM,MITTERMAIER,LYDIA,,1 WESCOTT DR,SUITE 102,FLEMINGTON,NJ,88224655
1992784565,OPRS,ZHENG,JING-SHENG,,2 SINDONI LN,,HAMMONTON,NJ,80371884
1992787279,OPH,MURRAY,ANN,M,5201 N 19TH AVE STE 121,,PHOENIX,AZ,850152901
1992790083,OPM,HARMAN,LARRY,PAUL,4801 SWIFT RD,SUITE E,SARASOTA,FL,342315139
1992791016,OPH,GRANTHAM,ANNE,SENIOW,571 E TURKEYFOOT LAKE RD,SUITE A,AKRON,OH,443194122
1992793202,OPH,MINEART,STEPHEN,M,410 N 12TH ST,SUITE 300,OSKALOOSA,IA,525772495
1992794556,OPRS,SUAREZ,JUAN,P,1900 N MILLS AVE,SUITE 103,ORLANDO,FL,328031444
1992795850,OPRS,CHUNDURI,JAIDEEP,,6480 HARRISON AVENUE,SUITE 201,CINCINNATI,OH,45247
1992796882,OPRS,BERARD,WILLIAM,RONALD,101 DOCTORS DR,,CARROLLTON,GA,301174486
1992797047,OPH,AHMED,VASIA,A,17901 GOVERNORS HWY,SUITE 106,HOMEWOOD,IL,604301144
1992797112,RHM,BOND,DAVID,R,5320 MICHAELS DR,,APPLETON,WI,549138446
1992797245,OPRS,JACOBSON,CAREN,G,150 PARK ST,,LAWRENCE,MA,18412517
1992797716,OPM,HAMES,MELANIE,I,2355 W ARLINGTON BLVD,ECU PHYSICIANS NEPHROLOGY/HYPERTENSION CLINIC,GREENVILLE,NC,278342847
1992799563,OPH,BRODER,JEFFREY,N,1201 WEST AVE,,NORTH AUGUSTA,SC,298413350
1992801997,OPH,RYAN,DAVID,CLAUDE,2931 JARVIS ST,,SAN DIEGO,CA,921062314
1992805519,OPRS,KRAUSE,CRAIG,J,34 S RAILROAD ST,,TAMAQUA,PA,182521927
1992806301,OPH,DEAN,MARGARET,M,1400 S COULTER ST,,AMARILLO,TX,791061786
1992812275,RHM,SUDDETH,JAMES,NOLAND,1812 LONG BEACH BLVD,,SHIP BOTTOM,NJ,80084443
